image, root_name, root, length, vector_length, surface, volume, direction, diameter, root_order, root_ontology, parent_name, parent, insertion_position, insertion_angle, n_child, child_density, first_child, insertion_first_child, last_child, insertion_last_child
sev_ra_673, R5, a106e8f2-fdb7-4488-a1c3-4ae570c34f4d, 0.77922684, 0.757736, 0.10094531, 0.0010804938, 297.26059705708684, 0.042973813, 0, Primary root, -1, -1, -0.008466667, -57.29577951308232, 0, 0.0, null, null, null, null
sev_ra_673, R4, 0198fcc2-ac69-4f23-bc0e-d305d1d6b80d, 0.51028633, 0.5043345, 0.07253326, 8.879807E-4, 83.15387850313178, 0.042921, 0, Primary root, -1, -1, -0.008466667, -57.29577951308232, 0, 0.0, null, null, null, null
sev_ra_673, R3, 9de80601-2d0d-4815-b528-7fd9dd09b2ab, 1.0711766, 1.0445484, 0.1670458, 0.0021112526, 314.24367118302683, 0.0485647, 0, Primary root, -1, -1, -0.008466667, -57.29577951308232, 0, 0.0, null, null, null, null
sev_ra_673, R2, e96367e2-0e95-469d-a6da-aff5cead8a32, 1.2041323, 1.0464128, 0.14619158, 0.0014746976, 301.55244204471273, 0.03782659, 0, Primary root, -1, -1, -0.008466667, -57.29577951308232, 0, 0.0, null, null, null, null
sev_ra_673, R1, 824424ee-0ea8-4ea9-93cf-7dbc2e48579a, 1.0947791, 0.931599, 0.08355499, 5.261884E-4, 263.42072534258216, 0.026450248, 0, Primary root, -1, -1, -0.008466667, -57.29577951308232, 0, 0.0, null, null, null, null
