image, root_name, root, length, vector_length, surface, volume, direction, diameter, root_order, root_ontology, parent_name, parent, insertion_position, insertion_angle, n_child, child_density, first_child, insertion_first_child, last_child, insertion_last_child
sev_ra_642, R9, 52726863-71f3-452c-81cd-55d52481cd43, 1.8506991, 1.2021409, 0.12630354, 8.663657E-4, 206.59217174986372, 0.021028977, 0, Primary root, -1, -1, -0.008466667, -57.29577951308232, 0, 0.0, null, null, null, null
sev_ra_642, R8, 82cd7f98-4aca-45ba-9133-225bf19c929b, 0.04750367, 0.04750367, 0.001902872, 6.2408258E-6, 302.24731817011315, 0.012700318, 0, Primary root, -1, -1, -0.008466667, -57.29577951308232, 0, 0.0, null, null, null, null
sev_ra_642, R7, defaca3b-eacf-4c8d-a11b-2f91f58ea784, 3.5668478, 2.9792264, 0.21394591, 0.0011059787, 175.02669838745993, 0.02048177, 0, Primary root, -1, -1, -0.008466667, -57.29577951308232, 0, 0.0, null, null, null, null
sev_ra_642, R6, 77a10c34-55dd-4c28-8d75-cf15b43b9ae5, 0.17205748, 0.16874823, 0.013812182, 1.04537125E-4, 72.57101947857394, 0.022852987, 0, Primary root, -1, -1, -0.008466667, -57.29577951308232, 0, 0.0, null, null, null, null
sev_ra_642, R5, edeebd2b-6466-4936-a278-3bd808a82a75, 0.10226442, 0.10226442, 0.0047694882, 1.8713137E-5, 152.0204765834576, 0.014817045, 0, Primary root, -1, -1, -0.008466667, -57.29577951308232, 0, 0.0, null, null, null, null
sev_ra_642, R4, e43e47d0-deb8-4bbf-962f-7bac9454657a, 0.69934905, 0.5824469, 0.03015733, 1.0626859E-4, 289.40511453038516, 0.013929753, 0, Primary root, -1, -1, -0.008466667, -57.29577951308232, 0, 0.0, null, null, null, null
sev_ra_642, R3, 22374537-e946-430e-8caa-23a7e9366d91, 1.6875113, 1.6217997, 0.10322201, 5.4751243E-4, 149.87210888192178, 0.020457013, 0, Primary root, -1, -1, -0.008466667, -57.29577951308232, 0, 0.0, null, null, null, null
sev_ra_642, R2, 5c529154-5a3a-4b7c-a5e1-ddce79df20a4, 0.9604534, 0.9599552, 0.061578684, 3.5054403E-4, 343.34981199136246, 0.01789838, 0, Primary root, -1, -1, -0.008466667, -57.29577951308232, 0, 0.0, null, null, null, null
sev_ra_642, R1, 18227ffd-2d92-4721-b503-161fed95c799, 3.9362113, 3.7563012, 0.395136, 0.003677029, 135.88901776399152, 0.03266762, 0, Primary root, -1, -1, -0.008466667, -57.29577951308232, 0, 0.0, null, null, null, null
