image, root_name, root, length, vector_length, surface, volume, direction, diameter, root_order, root_ontology, parent_name, parent, insertion_position, insertion_angle, n_child, child_density, first_child, insertion_first_child, last_child, insertion_last_child
sev_ra_588, R5, 46377490-c922-4be8-8d66-3a2ace15b90d, 0.1598592, 0.14387287, 0.012586224, 7.896899E-5, 291.87056693394965, 0.02420345, 0, Primary root, -1, -1, -0.008466667, -57.29577951308232, 0, 0.0, null, null, null, null
sev_ra_588, R4, 19568467-83b4-4238-acba-d0179525d32e, 0.17683738, 0.17454125, 0.019091036, 1.7248638E-4, 28.393205662769727, 0.033569723, 0, Primary root, -1, -1, -0.008466667, -57.29577951308232, 0, 0.0, null, null, null, null
sev_ra_588, R3, 2a6e90a7-2f31-487f-a979-2d191124ce1e, 0.14059396, 0.13712636, 0.027601704, 4.2976232E-4, 213.70044524174438, 0.056805324, 0, Primary root, -1, -1, -0.008466667, -57.29577951308232, 0, 0.0, null, null, null, null
sev_ra_588, R2, ca94e088-7223-47c7-9bbf-160581ed9393, 2.7548313, 2.6123233, 0.4170221, 0.0053081904, 317.69275278934316, 0.046363406, 0, Primary root, -1, -1, -0.008466667, -57.29577951308232, 0, 0.0, null, null, null, null
sev_ra_588, R1, 37609813-67b3-4f21-aeb3-c1f94958a754, 0.5713207, 0.49402896, 0.04009512, 3.3292425E-4, 269.48030524967743, 0.020886697, 0, Primary root, -1, -1, -0.008466667, -57.29577951308232, 0, 0.0, null, null, null, null
