image, root_name, root, length, vector_length, surface, volume, direction, diameter, root_order, root_ontology, parent_name, parent, insertion_position, insertion_angle, n_child, child_density, first_child, insertion_first_child, last_child, insertion_last_child
sev_ra_650, R9, 27d54d16-06ce-466e-a6ba-40989d13e62f, 0.7495881, 0.6067336, 0.049587484, 3.0517162E-4, 141.0318086995526, 0.020138921, 0, Primary root, -1, -1, -0.008466667, -57.29577951308232, 0, 0.0, null, null, null, null
sev_ra_650, R8, 9c687d1e-38f9-406e-9c38-de409f2c265b, 0.11297777, 0.10807388, 0.0043138266, 1.3198236E-5, 45.012083856880835, 0.011615711, 0, Primary root, -1, -1, -0.008466667, -57.29577951308232, 0, 0.0, null, null, null, null
sev_ra_650, R7, cff7788d-055a-4719-b857-bb525800ed07, 0.075684525, 0.075684525, 0.0050229933, 2.7578242E-5, 279.4140777370306, 0.020999502, 0, Primary root, -1, -1, -0.008466667, -57.29577951308232, 0, 0.0, null, null, null, null
sev_ra_650, R6, 1cd88eb6-92eb-49f6-96dc-b480f9a3efea, 1.106854, 0.82684314, 0.117576376, 0.0011217893, 171.41606914689442, 0.0334137, 0, Primary root, -1, -1, -0.008466667, -57.29577951308232, 0, 0.0, null, null, null, null
sev_ra_650, R5, e1d08c0e-942e-43ec-8f9e-8139d1c69df7, 0.19934462, 0.17409575, 0.010464691, 4.6717578E-5, 316.2501621951231, 0.01689995, 0, Primary root, -1, -1, -0.008466667, -57.29577951308232, 0, 0.0, null, null, null, null
sev_ra_650, R4, 41f06f0b-0cb9-460e-8a21-df5e6abce185, 0.20258488, 0.19605486, 0.018840928, 1.7593475E-4, 52.51961947178917, 0.028368862, 0, Primary root, -1, -1, -0.008466667, -57.29577951308232, 0, 0.0, null, null, null, null
sev_ra_650, R3, cd4ef5d1-8aac-45dc-a068-2f413181cc8b, 0.7186029, 0.63887817, 0.0858968, 8.3796243E-4, 248.0682359375777, 0.037481394, 0, Primary root, -1, -1, -0.008466667, -57.29577951308232, 0, 0.0, null, null, null, null
sev_ra_650, R2, c2d0887c-4794-4321-a1b6-18bd255db46c, 3.6722414, 3.3286524, 0.6675242, 0.009871717, 157.68043578259372, 0.056017824, 0, Primary root, -1, -1, -0.008466667, -57.29577951308232, 0, 0.0, null, null, null, null
sev_ra_650, R1, 278c55e4-510b-4120-bf07-9ad6f27e7518, 1.2464435, 1.1475205, 0.063288085, 2.8521888E-4, 301.4703704916459, 0.016891751, 0, Primary root, -1, -1, -0.008466667, -57.29577951308232, 0, 0.0, null, null, null, null
