image, root_name, root, length, vector_length, surface, volume, direction, diameter, root_order, root_ontology, parent_name, parent, insertion_position, insertion_angle, n_child, child_density, first_child, insertion_first_child, last_child, insertion_last_child
sev_ra_613, R6, eecc99ac-f0d7-470b-87e3-ae259b50e7fe, 0.21333514, 0.18264972, 0.01452907, 8.389933E-5, 173.9137737037197, 0.02186785, 0, Primary root, -1, -1, -0.008466667, -57.29577951308232, 0, 0.0, null, null, null, null
sev_ra_613, R5, c9bfef55-a302-422d-ad6e-8d8444a8a097, 0.15665548, 0.1565311, 0.021090742, 2.2541916E-4, 211.53411414269144, 0.041934624, 0, Primary root, -1, -1, -0.008466667, -57.29577951308232, 0, 0.0, null, null, null, null
sev_ra_613, R4, 868579e0-7774-4c4b-997d-f771bfb328d6, 5.1393223, 4.7790833, 1.8603659, 0.054517213, 157.39838995100723, 0.11106015, 0, Primary root, -1, -1, -0.008466667, -57.29577951308232, 0, 0.0, null, null, null, null
sev_ra_613, R3, 7ed01cc4-3b28-4c6b-8019-82888fc1e192, 6.0196915, 5.8150177, 3.2563007, 0.14198329, 322.55898936541047, 0.16688868, 0, Primary root, -1, -1, -0.008466667, -57.29577951308232, 0, 0.0, null, null, null, null
sev_ra_613, R2, 59735cd9-c177-455f-97ae-485c878c7a61, 5.881942, 5.318774, 2.780658, 0.109549865, 129.22140075660343, 0.1408436, 0, Primary root, -1, -1, -0.008466667, -57.29577951308232, 0, 0.0, null, null, null, null
sev_ra_613, R1, fd7e4787-d487-40d3-ad72-56794d91dfcc, 6.8112936, 6.132762, 3.4551663, 0.14344355, 262.7592078610881, 0.15569232, 0, Primary root, -1, -1, -0.008466667, -57.29577951308232, 0, 0.0, null, null, null, null
