image, root_name, root, length, vector_length, surface, volume, direction, diameter, root_order, root_ontology, parent_name, parent, insertion_position, insertion_angle, n_child, child_density, first_child, insertion_first_child, last_child, insertion_last_child
sev_ra_649, R7, a1cc40cb-62b8-4b28-8cb7-e2dfd2a114be, 0.2830328, 0.27949134, 0.020882223, 1.4802377E-4, 289.87555063965897, 0.022977011, 0, Primary root, -1, -1, -0.008466667, -57.29577951308232, 0, 0.0, null, null, null, null
sev_ra_649, R6, 4a98bead-06fb-48e7-9fb6-d18081c897f2, 0.23039483, 0.20336272, 0.015049551, 8.891333E-5, 229.47837346977062, 0.020992288, 0, Primary root, -1, -1, -0.008466667, -57.29577951308232, 0, 0.0, null, null, null, null
sev_ra_649, R5, 81cf05c8-6ff3-4c2e-86bf-3619a12da428, 0.26527053, 0.25865507, 0.039872903, 4.7609606E-4, 147.78857333598773, 0.04660827, 0, Primary root, -1, -1, -0.008466667, -57.29577951308232, 0, 0.0, null, null, null, null
sev_ra_649, R4, 21d0ef22-f0ae-42be-8e59-a6e3222c1f4f, 0.0612625, 0.06093471, 0.0066489037, 5.7507015E-5, 143.24595112279565, 0.033527274, 0, Primary root, -1, -1, -0.008466667, -57.29577951308232, 0, 0.0, null, null, null, null
sev_ra_649, R3, 1aec284c-1d3d-4780-a095-45f6fcae9021, 0.8844576, 0.38489342, 0.061672147, 3.7277956E-4, 185.89486807402753, 0.022589361, 0, Primary root, -1, -1, -0.008466667, -57.29577951308232, 0, 0.0, null, null, null, null
sev_ra_649, R2, 1c0418ed-4c77-4903-86ce-3129369c0bf8, 0.24241906, 0.1262657, 0.012575348, 5.3355987E-5, 208.36675051888142, 0.016834894, 0, Primary root, -1, -1, -0.008466667, -57.29577951308232, 0, 0.0, null, null, null, null
sev_ra_649, R1, 205a8025-e4e0-4b4b-b328-0f2ad81e7ee2, 6.14862, 5.4702244, 0.949223, 0.011998745, 83.22454364028472, 0.04810355, 0, Primary root, -1, -1, -0.008466667, -57.29577951308232, 0, 0.0, null, null, null, null
