image, root_name, root, length, vector_length, surface, volume, direction, diameter, root_order, root_ontology, parent_name, parent, insertion_position, insertion_angle, n_child, child_density, first_child, insertion_first_child, last_child, insertion_last_child
sev_ra_514, R6, 79ccc54d-93d7-475d-85d0-0e9e858f2958, 1.2581862, 1.1948212, 0.050432056, 1.6833867E-4, 122.47698510218768, 0.013128846, 0, Primary root, -1, -1, -0.008466667, -57.29577951308232, 0, 0.0, null, null, null, null
sev_ra_514, R5, b1a0de62-b9d8-4567-925c-634b2a26c46a, 1.6876595, 1.3593302, 0.08690138, 3.9458627E-4, 270.96726475274585, 0.016419437, 0, Primary root, -1, -1, -0.008466667, -57.29577951308232, 0, 0.0, null, null, null, null
sev_ra_514, R4, ecc07571-e1f9-4e14-a899-d12b987d2565, 0.71212035, 0.63070965, 0.027295994, 8.515912E-5, 278.6253274916775, 0.012311675, 0, Primary root, -1, -1, -0.008466667, -57.29577951308232, 0, 0.0, null, null, null, null
sev_ra_514, R3, 8621ca23-b99d-458f-a6e8-226167aa6a1c, 1.3513129, 0.80093235, 0.05331539, 1.8105676E-4, 243.6463168273981, 0.012948496, 0, Primary root, -1, -1, -0.008466667, -57.29577951308232, 0, 0.0, null, null, null, null
sev_ra_514, R2, 924a856c-5be2-4ad3-8916-f72c8d20657c, 1.0273824, 0.74636316, 0.044609565, 1.6232536E-4, 118.33634684240754, 0.013596517, 0, Primary root, -1, -1, -0.008466667, -57.29577951308232, 0, 0.0, null, null, null, null
sev_ra_514, R1, 1ef63140-5f07-4956-9f2b-6fed4ee09a5a, 0.6318016, 0.5695514, 0.027020205, 9.539648E-5, 77.3427125761499, 0.013351412, 0, Primary root, -1, -1, -0.008466667, -57.29577951308232, 0, 0.0, null, null, null, null
