image, root_name, root, length, vector_length, surface, volume, direction, diameter, root_order, root_ontology, parent_name, parent, insertion_position, insertion_angle, n_child, child_density, first_child, insertion_first_child, last_child, insertion_last_child
sev_ra_645, R8, 17203d7e-3ac8-48bf-9c8c-c4b95bc2ac80, 0.15247378, 0.15182245, 0.023515234, 2.9131665E-4, 209.91428013950957, 0.043061893, 0, Primary root, -1, -1, -0.008466667, -57.29577951308232, 0, 0.0, null, null, null, null
sev_ra_645, R7, 68cfbf6e-fee9-439e-be0d-3906e5068aff, 0.040757183, 0.040757183, 0.0013570109, 3.6335985E-6, 193.43067042681596, 0.010583861, 0, Primary root, -1, -1, -0.008466667, -57.29577951308232, 0, 0.0, null, null, null, null
sev_ra_645, R6, bad875ee-51c1-453c-853b-d7b83c1606f0, 0.024009904, 0.024009904, 9.578271E-4, 3.0407025E-6, 90.01603295846019, 0.0126983365, 0, Primary root, -1, -1, -0.008466667, -57.29577951308232, 0, 0.0, null, null, null, null
sev_ra_645, R5, 66f3a4e3-2378-497e-9326-5c0cef48a93d, 0.053823702, 0.052070044, 0.0022089782, 7.319284E-6, 21.514670706264333, 0.012333179, 0, Primary root, -1, -1, -0.008466667, -57.29577951308232, 0, 0.0, null, null, null, null
sev_ra_645, R4, 4a9eedbb-8b2a-4ee6-a89e-f1c26207de44, 0.06311177, 0.06311177, 0.008891259, 9.793272E-5, 207.7574703241596, 0.043508053, 0, Primary root, -1, -1, -0.008466667, -57.29577951308232, 0, 0.0, null, null, null, null
sev_ra_645, R3, 84678f29-a585-4f28-864e-c659ee75c0d6, 2.2391934, 1.9956062, 0.11988121, 5.650849E-4, 282.3590640618433, 0.017420989, 0, Primary root, -1, -1, -0.008466667, -57.29577951308232, 0, 0.0, null, null, null, null
sev_ra_645, R2, 26756cf5-d186-4d0e-b556-330cb4c900f7, 0.05117605, 0.05117605, 0.0050921123, 4.0154675E-5, 192.78617377673356, 0.03091245, 0, Primary root, -1, -1, -0.008466667, -57.29577951308232, 0, 0.0, null, null, null, null
sev_ra_645, R1, 9917fd97-bb7f-442c-95e0-057df7c9f035, 3.4571323, 0.8157833, 0.25295424, 0.0019262448, 219.2977989269482, 0.024067096, 0, Primary root, -1, -1, -0.008466667, -57.29577951308232, 0, 0.0, null, null, null, null
