image, root_name, root, length, vector_length, surface, volume, direction, diameter, root_order, root_ontology, parent_name, parent, insertion_position, insertion_angle, n_child, child_density, first_child, insertion_first_child, last_child, insertion_last_child
sev_ra_558, R9, 34639560-b72f-4b6d-9250-1a1a33cf7914, 0.2965395, 0.21327564, 0.02066389, 1.5731333E-4, 302.4273892773914, 0.023703285, 0, Primary root, -1, -1, -0.008466667, -57.29577951308232, 0, 0.0, null, null, null, null
sev_ra_558, R8, 36d7590b-6acb-4a70-a8ea-764bef479443, 0.91033936, 0.74515295, 0.08684638, 6.914428E-4, 275.7007224513481, 0.029753933, 0, Primary root, -1, -1, -0.008466667, -57.29577951308232, 0, 0.0, null, null, null, null
sev_ra_558, R7, 7ccde307-ec9f-4048-a839-c19e903ff8d2, 4.842013, 4.4620595, 0.8708073, 0.012877825, 285.2795983094274, 0.05504676, 0, Primary root, -1, -1, -0.008466667, -57.29577951308232, 0, 0.0, null, null, null, null
sev_ra_558, R6, c280199f-3476-42fa-9a76-2c129685c0f2, 4.700124, 4.2575994, 0.7551926, 0.0108111445, 258.20751515667826, 0.047468435, 0, Primary root, -1, -1, -0.008466667, -57.29577951308232, 0, 0.0, null, null, null, null
sev_ra_558, R5, cdc4daf3-922d-4950-a569-0e9b34134594, 0.14787951, 0.14327262, 0.009987895, 7.442749E-5, 259.13366148737526, 0.021158889, 0, Primary root, -1, -1, -0.008466667, -57.29577951308232, 0, 0.0, null, null, null, null
sev_ra_558, R4, 8ab11c6a-d756-4c10-ada4-27ee0c7264b0, 3.7676551, 3.2211976, 0.5755114, 0.0074165408, 254.17027230055373, 0.04483158, 0, Primary root, -1, -1, -0.008466667, -57.29577951308232, 0, 0.0, null, null, null, null
sev_ra_558, R3, 06c14c25-457f-4a20-8298-e9efc57e358d, 3.6187239, 3.3602033, 0.4956544, 0.005971036, 313.8124403595889, 0.042210862, 0, Primary root, -1, -1, -0.008466667, -57.29577951308232, 0, 0.0, null, null, null, null
sev_ra_558, R2, 46aa2bf9-4900-4b83-ad93-2d610714e98e, 3.1599095, 2.8798387, 0.48492247, 0.0061904206, 229.94331810695172, 0.047241416, 0, Primary root, -1, -1, -0.008466667, -57.29577951308232, 0, 0.0, null, null, null, null
sev_ra_558, R1, 82a2791e-6677-4fff-94a2-b571486ba98a, 3.2096064, 2.8292608, 0.29475114, 0.0025583277, 252.87073318831042, 0.028765095, 0, Primary root, -1, -1, -0.008466667, -57.29577951308232, 0, 0.0, null, null, null, null
