image, root_name, root, length, vector_length, surface, volume, direction, diameter, root_order, root_ontology, parent_name, parent, insertion_position, insertion_angle, n_child, child_density, first_child, insertion_first_child, last_child, insertion_last_child
sev_ra_528, R6, 53e33d9a-a7d1-4615-bdd4-fec767589cf9, 0.24298239, 0.24298239, 0.097941265, 0.003359339, 247.61913733927102, 0.117431834, 0, Primary root, -1, -1, -0.008466667, -57.29577951308232, 0, 0.0, null, null, null, null
sev_ra_528, R5, 68dac54f-3d2c-476a-b253-ea5bbd2096cd, 0.20830369, 0.20686162, 0.031708308, 3.8465476E-4, 239.89700742592464, 0.04899278, 0, Primary root, -1, -1, -0.008466667, -57.29577951308232, 0, 0.0, null, null, null, null
sev_ra_528, R4, 89f8d053-2450-4fe8-bf8f-ad1019e0db1d, 6.3112645, 6.1440177, 3.998084, 0.20995013, 328.00532756806524, 0.19532509, 0, Primary root, -1, -1, -0.008466667, -57.29577951308232, 0, 0.0, null, null, null, null
sev_ra_528, R3, 4457674a-5156-46d2-ae47-d204c0cdf74b, 8.438984, 7.924207, 5.6094427, 0.30266774, 268.78917206794216, 0.20639646, 0, Primary root, -1, -1, -0.008466667, -57.29577951308232, 0, 0.0, null, null, null, null
sev_ra_528, R2, 092d5391-9cee-4e75-ad64-3626f6ee618f, 4.6109843, 4.316451, 2.0815403, 0.07621586, 318.8662612510214, 0.1419863, 0, Primary root, -1, -1, -0.008466667, -57.29577951308232, 0, 0.0, null, null, null, null
sev_ra_528, R1, 6f7771e9-59ea-4f8c-a382-5043bd4a0ff9, 5.673865, 5.4525385, 2.6875944, 0.10430555, 315.41715232394836, 0.14571911, 0, Primary root, -1, -1, -0.008466667, -57.29577951308232, 0, 0.0, null, null, null, null
