image, root_name, root, length, vector_length, surface, volume, direction, diameter, root_order, root_ontology, parent_name, parent, insertion_position, insertion_angle, n_child, child_density, first_child, insertion_first_child, last_child, insertion_last_child
sev_ra_570, R8, 72472cca-42dc-486b-9af7-22a3a9e781f6, 0.35728988, 0.33492625, 0.019676626, 1.2625213E-4, 286.6956877696678, 0.017396355, 0, Primary root, -1, -1, -0.008466667, -57.29577951308232, 0, 0.0, null, null, null, null
sev_ra_570, R7, 11993c3b-1503-4871-93dd-d41c183a5842, 5.577694, 3.7034843, 0.8865376, 0.011608171, 205.48042185866078, 0.04958035, 0, Primary root, -1, -1, -0.008466667, -57.29577951308232, 0, 0.0, null, null, null, null
sev_ra_570, R6, 9c31d41d-6bd7-4c9e-914f-1b38fdb918b7, 1.5234035, 1.174462, 0.06458116, 2.320212E-4, 98.50933904042519, 0.013259769, 0, Primary root, -1, -1, -0.008466667, -57.29577951308232, 0, 0.0, null, null, null, null
sev_ra_570, R5, 7927aaaa-85a2-44b3-8619-d26da25930af, 0.08603687, 0.0847174, 0.0039865095, 1.628414E-5, 338.213154565676, 0.015865926, 0, Primary root, -1, -1, -0.008466667, -57.29577951308232, 0, 0.0, null, null, null, null
sev_ra_570, R4, 82364c6d-52ad-4a66-a639-2f47a8b7d047, 0.06088, 0.05612242, 0.0043369913, 2.6398253E-5, 304.72602114066746, 0.021159422, 0, Primary root, -1, -1, -0.008466667, -57.29577951308232, 0, 0.0, null, null, null, null
sev_ra_570, R3, 9adddf5b-4655-46f9-a4e3-0fb24d7d23b0, 0.5689866, 0.50986654, 0.030656341, 1.4370565E-4, 177.02094970056356, 0.016396616, 0, Primary root, -1, -1, -0.008466667, -57.29577951308232, 0, 0.0, null, null, null, null
sev_ra_570, R2, 40c97cb4-95cb-4c73-929b-13dbbd0cefca, 0.0787686, 0.07413341, 0.0026912414, 7.4184595E-6, 165.1287160913576, 0.011003364, 0, Primary root, -1, -1, -0.008466667, -57.29577951308232, 0, 0.0, null, null, null, null
sev_ra_570, R1, 3a2427cd-95c9-4c74-b7d5-0d1cad7740ef, 1.9586587, 1.8743786, 0.107907675, 4.949964E-4, 274.8736958258863, 0.01739379, 0, Primary root, -1, -1, -0.008466667, -57.29577951308232, 0, 0.0, null, null, null, null
