image, root_name, root, length, vector_length, surface, volume, direction, diameter, root_order, root_ontology, parent_name, parent, insertion_position, insertion_angle, n_child, child_density, first_child, insertion_first_child, last_child, insertion_last_child
sev_ra_626, R7, 6e23091e-b3f0-46f0-a860-d6d17117140f, 0.034878694, 0.034878694, 9.277648E-4, 1.9638383E-6, 241.5227290521711, 0.0084669655, 0, Primary root, -1, -1, -0.008466667, -57.29577951308232, 0, 0.0, null, null, null, null
sev_ra_626, R6, 150ff715-8433-4498-9e3f-b83add950a97, 2.0116253, 1.1312208, 0.18182938, 0.0016332478, 177.94618078591185, 0.027921762, 0, Primary root, -1, -1, -0.008466667, -57.29577951308232, 0, 0.0, null, null, null, null
sev_ra_626, R5, a209cb48-d31b-4b81-af43-936726b6293d, 0.16168036, 0.12517591, 0.010298951, 5.9540598E-5, 176.3866300323445, 0.017900858, 0, Primary root, -1, -1, -0.008466667, -57.29577951308232, 0, 0.0, null, null, null, null
sev_ra_626, R4, 4d0e4596-425a-45f3-8c11-92f38f6baef6, 0.021756496, 0.021624545, 0.0023413135, 1.9325178E-5, 342.8565903710175, 0.034830943, 0, Primary root, -1, -1, -0.008466667, -57.29577951308232, 0, 0.0, null, null, null, null
sev_ra_626, R3, 8250a3a7-ec5d-4cdf-8d53-66eb0fffa35c, 0.19140603, 0.107502796, 0.008863272, 3.7318605E-5, 84.45490659661415, 0.015716553, 0, Primary root, -1, -1, -0.008466667, -57.29577951308232, 0, 0.0, null, null, null, null
sev_ra_626, R2, c9631bcf-8867-4e1f-8e83-710ce05f6669, 0.084603414, 0.083806306, 0.006403331, 4.063545E-5, 346.47601689523395, 0.02547939, 0, Primary root, -1, -1, -0.008466667, -57.29577951308232, 0, 0.0, null, null, null, null
sev_ra_626, R1, 08560ed7-4c1a-44ca-b004-977a468b942d, 1.5324337, 1.3535119, 0.1579823, 0.0013785601, 287.7667980353092, 0.03248397, 0, Primary root, -1, -1, -0.008466667, -57.29577951308232, 0, 0.0, null, null, null, null
