image, root_name, root, length, vector_length, surface, volume, direction, diameter, root_order, root_ontology, parent_name, parent, insertion_position, insertion_angle, n_child, child_density, first_child, insertion_first_child, last_child, insertion_last_child
sev_ra_678, R8, f9466335-d08e-4ff6-9712-67f241cb085e, 0.104101636, 0.10085149, 0.006335309, 3.0904626E-5, 71.68077945234364, 0.020176003, 0, Primary root, -1, -1, -0.008466667, -57.29577951308232, 0, 0.0, null, null, null, null
sev_ra_678, R7, 86298f2c-9fb1-4317-a193-2c41918bcb02, 5.305, 3.937058, 0.59275746, 0.0055643637, 226.20316115896608, 0.035009183, 0, Primary root, -1, -1, -0.008466667, -57.29577951308232, 0, 0.0, null, null, null, null
sev_ra_678, R6, 064c38b6-731d-404a-a79f-df1bcb684c41, 0.5762195, 0.5518965, 0.042948462, 2.8560375E-4, 318.2793840767772, 0.020537093, 0, Primary root, -1, -1, -0.008466667, -57.29577951308232, 0, 0.0, null, null, null, null
sev_ra_678, R5, 768d7d5a-02cb-4a2e-847e-e29b00dfe4f5, 0.08114505, 0.08112848, 0.0055831214, 3.510943E-5, 201.6629471692706, 0.023884611, 0, Primary root, -1, -1, -0.008466667, -57.29577951308232, 0, 0.0, null, null, null, null
sev_ra_678, R4, 46337f5b-2b7f-4d55-a2e2-9e246483f5fb, 0.113388464, 0.0944673, 0.0048683253, 1.6837259E-5, 258.671039114512, 0.014025076, 0, Primary root, -1, -1, -0.008466667, -57.29577951308232, 0, 0.0, null, null, null, null
sev_ra_678, R3, e9130920-d876-40df-bd84-2a3ef1ab05c6, 4.9640274, 4.323186, 0.43027937, 0.0032292358, 279.933308717735, 0.027888583, 0, Primary root, -1, -1, -0.008466667, -57.29577951308232, 0, 0.0, null, null, null, null
sev_ra_678, R2, 3e9daf46-0ceb-4176-acc5-d5af2860186c, 0.07839292, 0.07632246, 0.007994264, 6.659507E-5, 19.426688707180606, 0.029312579, 0, Primary root, -1, -1, -0.008466667, -57.29577951308232, 0, 0.0, null, null, null, null
sev_ra_678, R1, fbde6831-5481-4c3a-b24d-35e0126ea5c3, 3.4948564, 2.4881954, 0.19975561, 9.7420736E-4, 260.4731708666415, 0.018155908, 0, Primary root, -1, -1, -0.008466667, -57.29577951308232, 0, 0.0, null, null, null, null
