image, root_name, root, length, vector_length, surface, volume, direction, diameter, root_order, root_ontology, parent_name, parent, insertion_position, insertion_angle, n_child, child_density, first_child, insertion_first_child, last_child, insertion_last_child
sev_ra_569, R9, 4d557295-f039-458a-84dd-c90773683af0, 0.47100613, 0.42065787, 0.015620705, 4.253762E-5, 114.71935186553559, 0.01057114, 0, Primary root, -1, -1, -0.008466667, -57.29577951308232, 0, 0.0, null, null, null, null
sev_ra_569, R8, dcaa0359-f393-44b3-a57e-89ba6c10a451, 2.8072407, 0.26389828, 0.15329385, 7.38194E-4, 170.71843362506934, 0.017815752, 0, Primary root, -1, -1, -0.008466667, -57.29577951308232, 0, 0.0, null, null, null, null
sev_ra_569, R7, ef1fb48f-972c-44ad-a0cc-42a72d8a63ea, 0.27090773, 0.055395458, 0.011091684, 3.8157952E-5, 188.9868537301573, 0.013443926, 0, Primary root, -1, -1, -0.008466667, -57.29577951308232, 0, 0.0, null, null, null, null
sev_ra_569, R6, f8f5a7be-847b-4cf4-a1ee-b70ff422652a, 1.4109796, 1.1703074, 0.11896164, 8.437891E-4, 240.80788145363755, 0.02523139, 0, Primary root, -1, -1, -0.008466667, -57.29577951308232, 0, 0.0, null, null, null, null
sev_ra_569, R5, 925eed4a-a676-42d1-aa14-bd954a380fae, 2.5437007, 2.270576, 0.24921583, 0.0020161478, 271.49835294184936, 0.030633036, 0, Primary root, -1, -1, -0.008466667, -57.29577951308232, 0, 0.0, null, null, null, null
sev_ra_569, R4, ec0017ba-f309-49a0-9474-e9677560bf68, 0.44191617, 0.322381, 0.01611852, 4.913609E-5, 55.50776234687263, 0.01169454, 0, Primary root, -1, -1, -0.008466667, -57.29577951308232, 0, 0.0, null, null, null, null
sev_ra_569, R3, c5660029-d3db-4d18-971c-8e49d5bb1048, 1.6275485, 1.4436629, 0.07673617, 3.4211628E-4, 300.58607956018267, 0.01552086, 0, Primary root, -1, -1, -0.008466667, -57.29577951308232, 0, 0.0, null, null, null, null
sev_ra_569, R2, aa5ba443-86d4-4033-99fd-d810168fa06d, 1.0126979, 0.9615784, 0.04881802, 2.127808E-4, 266.9247763113388, 0.01506202, 0, Primary root, -1, -1, -0.008466667, -57.29577951308232, 0, 0.0, null, null, null, null
sev_ra_569, R1, de7d218a-be86-4331-9831-b1edf1e3059b, 2.6577291, 2.2871444, 0.1174105, 4.431185E-4, 259.4920005319908, 0.013878495, 0, Primary root, -1, -1, -0.008466667, -57.29577951308232, 0, 0.0, null, null, null, null
