image, root_name, root, length, vector_length, surface, volume, direction, diameter, root_order, root_ontology, parent_name, parent, insertion_position, insertion_angle, n_child, child_density, first_child, insertion_first_child, last_child, insertion_last_child
sev_ra_689, R8, 7a7c29ab-f61c-4b80-9ef6-a1181b101466, 0.026082136, 0.026082136, 0.0018201635, 9.629512E-6, 110.42769812320645, 0.02111651, 0, Primary root, -1, -1, -0.008466667, -57.29577951308232, 0, 0.0, null, null, null, null
sev_ra_689, R7, 8ffcfa9e-43b0-4fe3-9c89-091cddee0165, 0.06712816, 0.0616857, 0.00355155, 1.6033911E-5, 265.8655778956099, 0.016934691, 0, Primary root, -1, -1, -0.008466667, -57.29577951308232, 0, 0.0, null, null, null, null
sev_ra_689, R6, 8dd035bc-e1a1-4157-aa85-6f548142c2d6, 0.04959177, 0.049538214, 0.003155613, 1.7138122E-5, 25.81815604378322, 0.018345652, 0, Primary root, -1, -1, -0.008466667, -57.29577951308232, 0, 0.0, null, null, null, null
sev_ra_689, R5, 6bdf36cc-0b74-44db-8662-d6f6f75cf8ad, 0.057885274, 0.057276174, 0.0027637638, 1.2010113E-5, 280.95035120590654, 0.015522825, 0, Primary root, -1, -1, -0.008466667, -57.29577951308232, 0, 0.0, null, null, null, null
sev_ra_689, R4, 8b329772-50e2-483e-8a41-e16684d66a33, 0.19431205, 0.18163073, 0.008621914, 3.0940435E-5, 267.85808068028604, 0.013458052, 0, Primary root, -1, -1, -0.008466667, -57.29577951308232, 0, 0.0, null, null, null, null
sev_ra_689, R3, dc55fe91-028c-4197-b7df-6be52530b122, 0.08342974, 0.082625, 0.0054249554, 2.8059656E-5, 14.896787721317672, 0.019995898, 0, Primary root, -1, -1, -0.008466667, -57.29577951308232, 0, 0.0, null, null, null, null
sev_ra_689, R2, 63fb5753-368e-47bc-969b-085ad4bdc22e, 0.48872668, 0.41706112, 0.035299998, 2.1549659E-4, 195.7122131567887, 0.022840416, 0, Primary root, -1, -1, -0.008466667, -57.29577951308232, 0, 0.0, null, null, null, null
sev_ra_689, R1, 1b7fa40c-35bb-4266-989e-fe53d8375783, 5.4371214, 4.058177, 0.51834977, 0.004476754, 234.63366365151282, 0.030528147, 0, Primary root, -1, -1, -0.008466667, -57.29577951308232, 0, 0.0, null, null, null, null
