image, root_name, root, length, vector_length, surface, volume, direction, diameter, root_order, root_ontology, parent_name, parent, insertion_position, insertion_angle, n_child, child_density, first_child, insertion_first_child, last_child, insertion_last_child
sev_ra_614, R9, 9ea8a325-24a1-4233-ad94-35f52447095c, 0.051642135, 0.051642135, 0.007535405, 7.88042E-5, 63.54366773559481, 0.041366175, 0, Primary root, -1, -1, -0.008466667, -57.29577951308232, 0, 0.0, null, null, null, null
sev_ra_614, R8, c3238e16-3c45-4b17-923d-ce44d5e4d597, 0.10767232, 0.10767232, 0.034322698, 7.472478E-4, 256.36205268445417, 0.08417451, 0, Primary root, -1, -1, -0.008466667, -57.29577951308232, 0, 0.0, null, null, null, null
sev_ra_614, R7, c828890b-514b-4a49-915c-0d3d2e4f362d, 0.039493196, 0.038735583, 0.0015433779, 4.586149E-6, 34.222782364659366, 0.014105644, 0, Primary root, -1, -1, -0.008466667, -57.29577951308232, 0, 0.0, null, null, null, null
sev_ra_614, R6, c66ad765-33e3-450b-9789-2d44f63b635c, 0.059372686, 0.053784717, 0.0040472583, 2.4433963E-5, 59.70707534671777, 0.018689983, 0, Primary root, -1, -1, -0.008466667, -57.29577951308232, 0, 0.0, null, null, null, null
sev_ra_614, R5, 8e3cdd26-6c68-46d4-9056-62da577fc083, 0.038021866, 0.03771297, 0.0019001267, 7.656306E-6, 59.67788994839431, 0.0155201815, 0, Primary root, -1, -1, -0.008466667, -57.29577951308232, 0, 0.0, null, null, null, null
sev_ra_614, R4, 23d4d44f-5ab9-49ac-888a-1a9b7c0fcf39, 0.08331636, 0.081682555, 0.003474434, 1.1597153E-5, 66.01151753555797, 0.013530216, 0, Primary root, -1, -1, -0.008466667, -57.29577951308232, 0, 0.0, null, null, null, null
sev_ra_614, R3, efc040f2-6475-46e7-a5c4-97f380dfcbdf, 7.421085, 6.8321815, 2.1447012, 0.0514058, 138.34829567654631, 0.08551405, 0, Primary root, -1, -1, -0.008466667, -57.29577951308232, 0, 0.0, null, null, null, null
sev_ra_614, R2, 11da138c-45c9-4a36-abe2-332b18f8959e, 7.5422, 6.8556533, 2.6743097, 0.0806349, 146.14353593476852, 0.103192754, 0, Primary root, -1, -1, -0.008466667, -57.29577951308232, 0, 0.0, null, null, null, null
sev_ra_614, R1, 05260e30-ebf1-457c-8e2a-bf8b169479d2, 6.432651, 6.1664147, 2.6401486, 0.08858327, 154.85594765511834, 0.12322778, 0, Primary root, -1, -1, -0.008466667, -57.29577951308232, 0, 0.0, null, null, null, null
