image, root_name, root, length, vector_length, surface, volume, direction, diameter, root_order, root_ontology, parent_name, parent, insertion_position, insertion_angle, n_child, child_density, first_child, insertion_first_child, last_child, insertion_last_child
sev_ra_534, R6, 7ef46464-abaa-4d78-9ec6-0b63031f0917, 0.14919683, 0.14431486, 0.0386721, 7.8968395E-4, 70.16893757012883, 0.060010556, 0, Primary root, -1, -1, -0.008466667, -57.29577951308232, 0, 0.0, null, null, null, null
sev_ra_534, R5, 4a4995cb-7d95-41a5-9a22-34cace17a88d, 0.13589676, 0.13532595, 0.02613157, 3.4635898E-4, 84.93362772535117, 0.053742472, 0, Primary root, -1, -1, -0.008466667, -57.29577951308232, 0, 0.0, null, null, null, null
sev_ra_534, R4, 68cb35b7-3903-4c46-b2c3-989358e8cae3, 0.44019723, 0.42821863, 0.05774113, 6.464469E-4, 94.71376193751409, 0.04251462, 0, Primary root, -1, -1, -0.008466667, -57.29577951308232, 0, 0.0, null, null, null, null
sev_ra_534, R3, 1ad50590-9bea-485c-a628-3fd2f3061f3c, 0.674206, 0.63874596, 0.11940432, 0.0019717861, 141.19581520190297, 0.05932393, 0, Primary root, -1, -1, -0.008466667, -57.29577951308232, 0, 0.0, null, null, null, null
sev_ra_534, R2, 013f37f4-38ed-4a43-90fd-22203a92e3c5, 1.9882063, 1.9408705, 0.7276558, 0.02225243, 191.58263980346396, 0.110744484, 0, Primary root, -1, -1, -0.008466667, -57.29577951308232, 0, 0.0, null, null, null, null
sev_ra_534, R1, ed6b0b70-39ab-4fd6-b8c8-1908987b6ad5, 8.678726, 8.553448, 4.9062624, 0.23591773, 310.8951026405364, 0.16645981, 0, Primary root, -1, -1, -0.008466667, -57.29577951308232, 0, 0.0, null, null, null, null
