image, root_name, root, length, vector_length, surface, volume, direction, diameter, root_order, root_ontology, parent_name, parent, insertion_position, insertion_angle, n_child, child_density, first_child, insertion_first_child, last_child, insertion_last_child
sev_ra_647, R7, ee568605-ca46-4b32-bb95-f3e202cb4231, 0.64756763, 0.45042685, 0.0909127, 0.0010977152, 121.14933293132061, 0.039535206, 0, Primary root, -1, -1, -0.008466667, -57.29577951308232, 0, 0.0, null, null, null, null
sev_ra_647, R6, 9edca8e1-da69-4e85-9ea1-acaf5801b503, 1.0032191, 0.54879594, 0.07700435, 5.5423396E-4, 240.22939175169415, 0.024833933, 0, Primary root, -1, -1, -0.008466667, -57.29577951308232, 0, 0.0, null, null, null, null
sev_ra_647, R5, 57ababe8-0ae4-4fcf-a499-3c244c92649a, 8.287003, 5.455834, 0.981576, 0.009905517, 243.05034184117946, 0.036851715, 0, Primary root, -1, -1, -0.008466667, -57.29577951308232, 0, 0.0, null, null, null, null
sev_ra_647, R4, af87aade-775e-4ad9-9a1a-241dc347b375, 1.5035958, 1.4252561, 0.20115213, 0.0022262647, 275.42855307330143, 0.040404517, 0, Primary root, -1, -1, -0.008466667, -57.29577951308232, 0, 0.0, null, null, null, null
sev_ra_647, R3, bd637c5a-986c-4002-8087-273f7dae0bd2, 0.1548162, 0.055950027, 0.0070173163, 2.607558E-5, 176.76466734252637, 0.0141092, 0, Primary root, -1, -1, -0.008466667, -57.29577951308232, 0, 0.0, null, null, null, null
sev_ra_647, R2, ec2200f2-6145-445c-a85f-55bdc8d333ce, 0.5891853, 0.2996061, 0.025434015, 1.0058382E-4, 277.26611984684496, 0.01409443, 0, Primary root, -1, -1, -0.008466667, -57.29577951308232, 0, 0.0, null, null, null, null
sev_ra_647, R1, 1e33c30e-eba2-4f04-916b-13901f5c8a70, 2.0930529, 1.9683249, 0.31361878, 0.0038232668, 301.93509656277354, 0.046394076, 0, Primary root, -1, -1, -0.008466667, -57.29577951308232, 0, 0.0, null, null, null, null
