image, root_name, root, length, vector_length, surface, volume, direction, diameter, root_order, root_ontology, parent_name, parent, insertion_position, insertion_angle, n_child, child_density, first_child, insertion_first_child, last_child, insertion_last_child
sev_ra_586, R6, 2991799a-dc05-4246-9780-49d84885e8a4, 0.11947809, 0.10860093, 0.0073263245, 3.7151967E-5, 85.45380810235017, 0.019737089, 0, Primary root, -1, -1, -0.008466667, -57.29577951308232, 0, 0.0, null, null, null, null
sev_ra_586, R5, ff772c45-59fa-4824-9bd8-8ffdd66bef88, 0.31526154, 0.25427204, 0.037172638, 3.8174007E-4, 232.9853204387353, 0.033722155, 0, Primary root, -1, -1, -0.008466667, -57.29577951308232, 0, 0.0, null, null, null, null
sev_ra_586, R4, f65143f6-163a-432c-bc93-69a837a7a028, 0.73609096, 0.44800025, 0.07594966, 7.8939134E-4, 105.65610747846803, 0.02836232, 0, Primary root, -1, -1, -0.008466667, -57.29577951308232, 0, 0.0, null, null, null, null
sev_ra_586, R3, fa544d18-1ffc-413a-b7c1-30b9618e85a3, 0.76575035, 0.7016518, 0.09719395, 0.0010383187, 169.97097870343816, 0.039430115, 0, Primary root, -1, -1, -0.008466667, -57.29577951308232, 0, 0.0, null, null, null, null
sev_ra_586, R2, 89064a0d-3956-4c68-94ae-fcc724f0204e, 0.9262934, 0.8249064, 0.048772193, 2.2511646E-4, 303.23067416529824, 0.016960934, 0, Primary root, -1, -1, -0.008466667, -57.29577951308232, 0, 0.0, null, null, null, null
sev_ra_586, R1, d66a93cc-0fbd-4de2-b876-63aff816ee83, 1.3930187, 1.2926272, 0.100697376, 5.9371087E-4, 281.7517236408458, 0.023200402, 0, Primary root, -1, -1, -0.008466667, -57.29577951308232, 0, 0.0, null, null, null, null
