image, root_name, root, length, vector_length, surface, volume, direction, diameter, root_order, root_ontology, parent_name, parent, insertion_position, insertion_angle, n_child, child_density, first_child, insertion_first_child, last_child, insertion_last_child
sev_ra_657, R7, 3a32d1d4-4282-454b-8efc-e7a87d2c7acb, 1.1320447, 0.79145163, 0.11681304, 0.0010818134, 214.6515354232903, 0.03063576, 0, Primary root, -1, -1, -0.008466667, -57.29577951308232, 0, 0.0, null, null, null, null
sev_ra_657, R6, 63ccd8e3-bbde-4fff-a224-f8d88c38f6bb, 0.26643944, 0.20814265, 0.030101812, 3.107721E-4, 202.12974961790596, 0.026382644, 0, Primary root, -1, -1, -0.008466667, -57.29577951308232, 0, 0.0, null, null, null, null
sev_ra_657, R5, ecd1f89d-f39d-4d67-a512-15197f7d295e, 1.0899608, 0.830141, 0.06261258, 3.267314E-4, 255.94123106931133, 0.019155126, 0, Primary root, -1, -1, -0.008466667, -57.29577951308232, 0, 0.0, null, null, null, null
sev_ra_657, R4, d533fdf7-b96a-4ce7-bea2-ff48dc5421d3, 2.674168, 2.5058033, 0.33284178, 0.003393602, 276.5853958734048, 0.0384081, 0, Primary root, -1, -1, -0.008466667, -57.29577951308232, 0, 0.0, null, null, null, null
sev_ra_657, R3, f3877886-35bd-4b25-9733-17318a6f9f91, 1.6030718, 1.5503439, 0.25792682, 0.003336569, 142.27923346842874, 0.04952431, 0, Primary root, -1, -1, -0.008466667, -57.29577951308232, 0, 0.0, null, null, null, null
sev_ra_657, R2, 6fcacdad-bc7c-44f7-a8f3-ec5581ae0183, 1.4624776, 1.3939011, 0.1643549, 0.0015284735, 312.3573095380527, 0.03449319, 0, Primary root, -1, -1, -0.008466667, -57.29577951308232, 0, 0.0, null, null, null, null
sev_ra_657, R1, 741d1127-b8b8-4b05-a3c4-f42a93606f23, 1.553601, 1.3619143, 0.13009538, 9.6818776E-4, 263.35441786611966, 0.026422618, 0, Primary root, -1, -1, -0.008466667, -57.29577951308232, 0, 0.0, null, null, null, null
