image, root_name, root, length, vector_length, surface, volume, direction, diameter, root_order, root_ontology, parent_name, parent, insertion_position, insertion_angle, n_child, child_density, first_child, insertion_first_child, last_child, insertion_last_child
sev_ra_656, R8, 5e5a826e-ceb1-481f-823a-d757cf734c63, 1.3841413, 1.142211, 0.15118524, 0.0014890946, 293.90476119331953, 0.032898124, 0, Primary root, -1, -1, -0.008466667, -57.29577951308232, 0, 0.0, null, null, null, null
sev_ra_656, R7, 9c4102c9-37a7-44ec-a6d2-c2622dea3da9, 0.05246901, 0.05239208, 0.0035492447, 1.9010044E-5, 235.79118947053323, 0.022006376, 0, Primary root, -1, -1, -0.008466667, -57.29577951308232, 0, 0.0, null, null, null, null
sev_ra_656, R6, 59ed624b-f6d8-4195-8ddd-098c6e557ad8, 3.1302304, 3.0226848, 0.77320695, 0.0154464105, 326.0705808630108, 0.075860284, 0, Primary root, -1, -1, -0.008466667, -57.29577951308232, 0, 0.0, null, null, null, null
sev_ra_656, R5, 2f5058d0-345e-4f40-9e4e-0580ae1995e8, 2.432239, 2.1851118, 0.2993825, 0.003203849, 294.4683337621156, 0.03795509, 0, Primary root, -1, -1, -0.008466667, -57.29577951308232, 0, 0.0, null, null, null, null
sev_ra_656, R4, 53daa923-3a22-4ca4-a4ef-9beb088a1051, 2.7596679, 2.4836411, 0.32297212, 0.0032449274, 278.67007889111943, 0.037455063, 0, Primary root, -1, -1, -0.008466667, -57.29577951308232, 0, 0.0, null, null, null, null
sev_ra_656, R3, 83e972b2-cefc-4600-8290-158e73d32cd8, 2.5701616, 2.3973196, 0.26553127, 0.0022358538, 284.18756034416907, 0.030653829, 0, Primary root, -1, -1, -0.008466667, -57.29577951308232, 0, 0.0, null, null, null, null
sev_ra_656, R2, 7fecb5db-ea45-4d69-81d2-7b27fac64b00, 2.0504332, 1.6164099, 0.12367507, 6.84009E-4, 211.3913358682815, 0.018668665, 0, Primary root, -1, -1, -0.008466667, -57.29577951308232, 0, 0.0, null, null, null, null
sev_ra_656, R1, 0d1e3506-f795-4f8f-a7b4-1435022c19e5, 1.6005594, 1.3943989, 0.12733196, 8.569256E-4, 113.35438637123272, 0.02267428, 0, Primary root, -1, -1, -0.008466667, -57.29577951308232, 0, 0.0, null, null, null, null
