image, root_name, root, length, vector_length, surface, volume, direction, diameter, root_order, root_ontology, parent_name, parent, insertion_position, insertion_angle, n_child, child_density, first_child, insertion_first_child, last_child, insertion_last_child
sev_ra_576, R10, bf3caabf-7129-4272-845b-9b5f3eb9f812, 1.5155258, 1.4265453, 0.27279514, 0.0040160012, 135.4820204517288, 0.054629695, 0, Primary root, -1, -1, -0.008466667, -57.29577951308232, 0, 0.0, null, null, null, null
sev_ra_576, R9, c779a470-b26f-48bd-ba21-eb60da13cef0, 1.575284, 1.1928678, 0.1650956, 0.0014941433, 277.2910363769372, 0.032131467, 0, Primary root, -1, -1, -0.008466667, -57.29577951308232, 0, 0.0, null, null, null, null
sev_ra_576, R8, 2f66db44-3aa3-48b2-8341-90c6d0001dcf, 0.24294072, 0.2408927, 0.011791274, 4.903066E-5, 338.2426336621338, 0.018968187, 0, Primary root, -1, -1, -0.008466667, -57.29577951308232, 0, 0.0, null, null, null, null
sev_ra_576, R6, 2c2fa70e-a01c-478c-ae6e-1893fabfcb88, 1.7844887, 1.46594, 0.23237519, 0.0025350251, 268.7250229312574, 0.041087475, 0, Primary root, -1, -1, -0.008466667, -57.29577951308232, 0, 0.0, null, null, null, null
sev_ra_576, R5, 1e0862f8-7984-4f71-8188-6d2df9f892ac, 0.75200826, 0.7180914, 0.06985115, 5.349145E-4, 316.1739099632291, 0.033203036, 0, Primary root, -1, -1, -0.008466667, -57.29577951308232, 0, 0.0, null, null, null, null
sev_ra_576, R4, df709fff-6b7d-4a8e-8563-0a7c0589423c, 2.35522, 2.1981916, 0.35586524, 0.004584903, 298.9893998982871, 0.04710358, 0, Primary root, -1, -1, -0.008466667, -57.29577951308232, 0, 0.0, null, null, null, null
sev_ra_576, R3, 4297b9f0-7056-4027-9527-abf5314aabd1, 2.4850082, 2.10316, 0.3814304, 0.004787804, 282.14317544255755, 0.047856588, 0, Primary root, -1, -1, -0.008466667, -57.29577951308232, 0, 0.0, null, null, null, null
sev_ra_576, R2, 2c69beba-657c-473f-9625-972525840e95, 2.0685518, 1.2695357, 0.28125343, 0.0032798608, 204.5758042842276, 0.044080704, 0, Primary root, -1, -1, -0.008466667, -57.29577951308232, 0, 0.0, null, null, null, null
sev_ra_576, R1, 87c354cc-1dae-43a4-8ac5-56eb0b3fbed2, 1.0152706, 0.84218615, 0.1004346, 8.3388976E-4, 280.72039239693055, 0.030165121, 0, Primary root, -1, -1, -0.008466667, -57.29577951308232, 0, 0.0, null, null, null, null
