image, root_name, root, length, vector_length, surface, volume, direction, diameter, root_order, root_ontology, parent_name, parent, insertion_position, insertion_angle, n_child, child_density, first_child, insertion_first_child, last_child, insertion_last_child
sev_ra_601, R9, 3ab8f4f9-91e3-4a62-a441-ca373002f82b, 0.10455541, 0.10440132, 0.013507979, 1.3842776E-4, 268.5610710704204, 0.039063077, 0, Primary root, -1, -1, -0.008466667, -57.29577951308232, 0, 0.0, null, null, null, null
sev_ra_601, R8, 8df4d7d5-333b-4ade-88e8-c3983b12975c, 3.1119118, 2.6324105, 0.73545545, 0.013978651, 179.1990150646106, 0.07330563, 0, Primary root, -1, -1, -0.008466667, -57.29577951308232, 0, 0.0, null, null, null, null
sev_ra_601, R7, 13203d40-f64d-4650-a47b-8d5beea9992c, 3.2435937, 3.0165095, 0.7758602, 0.014973681, 262.58621282979, 0.07538034, 0, Primary root, -1, -1, -0.008466667, -57.29577951308232, 0, 0.0, null, null, null, null
sev_ra_601, R6, 1f5522a8-6df0-4d3b-bf8d-bfdbcf3d6ecb, 3.7689536, 3.6549563, 0.88468623, 0.016620368, 146.32497307988072, 0.073578216, 0, Primary root, -1, -1, -0.008466667, -57.29577951308232, 0, 0.0, null, null, null, null
sev_ra_601, R5, c856d5a1-307e-4ea1-addf-d21bf970434a, 1.2563543, 1.1658186, 0.2198824, 0.0031525712, 173.55577616856266, 0.05190882, 0, Primary root, -1, -1, -0.008466667, -57.29577951308232, 0, 0.0, null, null, null, null
sev_ra_601, R4, ec39a74c-84ad-4c4e-b0d8-7ce2bae33a89, 3.7296834, 3.4753335, 0.8149644, 0.01436531, 153.83902811035185, 0.06810398, 0, Primary root, -1, -1, -0.008466667, -57.29577951308232, 0, 0.0, null, null, null, null
sev_ra_601, R3, 730245cd-65db-4171-a4fc-67a13333bf94, 1.448688, 1.3428224, 0.23131649, 0.0029945374, 247.86051622453928, 0.048648823, 0, Primary root, -1, -1, -0.008466667, -57.29577951308232, 0, 0.0, null, null, null, null
sev_ra_601, R2, 673c6cbc-4d5f-4283-a2b7-8d92914060bd, 5.496151, 5.038418, 1.3096948, 0.025327671, 231.6036004903984, 0.0742257, 0, Primary root, -1, -1, -0.008466667, -57.29577951308232, 0, 0.0, null, null, null, null
sev_ra_601, R1, afd05e0b-35c9-446c-8390-6112d1f62114, 3.5687718, 3.4585688, 0.87646943, 0.01720123, 179.4600375739318, 0.076939754, 0, Primary root, -1, -1, -0.008466667, -57.29577951308232, 0, 0.0, null, null, null, null
