image, root_name, root, length, vector_length, surface, volume, direction, diameter, root_order, root_ontology, parent_name, parent, insertion_position, insertion_angle, n_child, child_density, first_child, insertion_first_child, last_child, insertion_last_child
sev_ra_681, R7, 9952e45b-7280-4556-987c-c60ecd4ac3c4, 0.51799864, 0.3786234, 0.040228985, 2.8424672E-4, 257.54138046730526, 0.023791797, 0, Primary root, -1, -1, -0.008466667, -57.29577951308232, 0, 0.0, null, null, null, null
sev_ra_681, R6, f196c045-9da0-464e-9c6d-402aec3d0cde, 1.578326, 1.4843992, 0.08051338, 3.7001376E-4, 269.1968523991219, 0.017007954, 0, Primary root, -1, -1, -0.008466667, -57.29577951308232, 0, 0.0, null, null, null, null
sev_ra_681, R5, 5a2ec5f1-500d-4dd9-a4cb-4b8dfa89812a, 0.048794273, 0.04834966, 0.0027357966, 1.2229208E-5, 113.48332668238423, 0.018197745, 0, Primary root, -1, -1, -0.008466667, -57.29577951308232, 0, 0.0, null, null, null, null
sev_ra_681, R4, 13a9542d-3c77-4576-8c5d-3194e0eaaa65, 0.13259923, 0.12036204, 0.0059693744, 2.3207656E-5, 30.945773714103137, 0.014673551, 0, Primary root, -1, -1, -0.008466667, -57.29577951308232, 0, 0.0, null, null, null, null
sev_ra_681, R3, 49017645-d4d1-420d-b41d-9b79a6b23b6a, 0.12276658, 0.09623878, 0.013492127, 1.1738952E-4, 160.51846134500406, 0.031684153, 0, Primary root, -1, -1, -0.008466667, -57.29577951308232, 0, 0.0, null, null, null, null
sev_ra_681, R2, b9d7e664-3f48-450a-bb65-faea5c72c293, 0.2984233, 0.29450944, 0.019291248, 1.4090985E-4, 290.07523805023345, 0.021148857, 0, Primary root, -1, -1, -0.008466667, -57.29577951308232, 0, 0.0, null, null, null, null
sev_ra_681, R1, 4a339184-0b3f-48ca-ab3b-59aee94f4b41, 2.8178318, 2.2527819, 0.3094764, 0.0028638395, 266.78445690503, 0.034771234, 0, Primary root, -1, -1, -0.008466667, -57.29577951308232, 0, 0.0, null, null, null, null
