image, root_name, root, length, vector_length, surface, volume, direction, diameter, root_order, root_ontology, parent_name, parent, insertion_position, insertion_angle, n_child, child_density, first_child, insertion_first_child, last_child, insertion_last_child
sev_ra_554, R6, 2fa5ea7d-5b8b-42c5-b4a3-1ed747e37d93, 0.14793389, 0.1324994, 0.009156797, 4.3806976E-5, 211.30923699445793, 0.017855396, 0, Primary root, -1, -1, -0.008466667, -57.29577951308232, 0, 0.0, null, null, null, null
sev_ra_554, R5, cfea0c9e-0ec5-44f3-9658-5fcfaea8da8b, 0.10984328, 0.10257744, 0.0047232513, 1.7562965E-5, 321.62317148684866, 0.014082909, 0, Primary root, -1, -1, -0.008466667, -57.29577951308232, 0, 0.0, null, null, null, null
sev_ra_554, R4, afad24e2-60c8-4b8c-b7bd-4f95f6e8b827, 0.32523364, 0.316969, 0.015439162, 6.651573E-5, 170.9803303986043, 0.013962104, 0, Primary root, -1, -1, -0.008466667, -57.29577951308232, 0, 0.0, null, null, null, null
sev_ra_554, R3, ac5892cd-5eca-4cd1-9bb7-3e026a326c1b, 0.96897244, 0.59801286, 0.04898746, 2.1005512E-4, 196.63427503436208, 0.015805446, 0, Primary root, -1, -1, -0.008466667, -57.29577951308232, 0, 0.0, null, null, null, null
sev_ra_554, R2, 769503cc-5cda-4fa0-804d-773b091f801e, 0.8074288, 0.35372552, 0.04601174, 2.4697065E-4, 201.30660253989268, 0.016577573, 0, Primary root, -1, -1, -0.008466667, -57.29577951308232, 0, 0.0, null, null, null, null
sev_ra_554, R1, c5f8580f-1562-4f3c-b286-d3141acc2c20, 0.75552046, 0.64740866, 0.0283145, 8.642021E-5, 86.96511039962056, 0.011560419, 0, Primary root, -1, -1, -0.008466667, -57.29577951308232, 0, 0.0, null, null, null, null
