image, root_name, root, length, vector_length, surface, volume, direction, diameter, root_order, root_ontology, parent_name, parent, insertion_position, insertion_angle, n_child, child_density, first_child, insertion_first_child, last_child, insertion_last_child
sev_ra_600, R9, 919611af-f5d2-45a3-a194-3d62e54c0421, 0.18855324, 0.16996443, 0.02652454, 2.9307112E-4, 196.65178763939397, 0.04366313, 0, Primary root, -1, -1, -0.008466667, -57.29577951308232, 0, 0.0, null, null, null, null
sev_ra_600, R8, 220d66c7-13a3-4091-8b23-209b2bccc8d0, 0.109750904, 0.08799368, 0.008806022, 6.1151506E-5, 181.47087258634025, 0.024339097, 0, Primary root, -1, -1, -0.008466667, -57.29577951308232, 0, 0.0, null, null, null, null
sev_ra_600, R7, 30154e3e-9982-4a45-8313-f649598f9c44, 7.0356193, 6.890071, 1.8997334, 0.041389212, 327.7343603033125, 0.08324609, 0, Primary root, -1, -1, -0.008466667, -57.29577951308232, 0, 0.0, null, null, null, null
sev_ra_600, R6, 4166774c-e9fa-4528-8c57-f3e7b7da7c2b, 6.2246475, 5.933953, 1.6249739, 0.034408305, 296.21828286898625, 0.0825141, 0, Primary root, -1, -1, -0.008466667, -57.29577951308232, 0, 0.0, null, null, null, null
sev_ra_600, R5, aa461d4e-35bb-461c-a9d1-dec5e1fc16f4, 3.9072127, 3.7550936, 0.926395, 0.017820414, 141.64737266831085, 0.07400872, 0, Primary root, -1, -1, -0.008466667, -57.29577951308232, 0, 0.0, null, null, null, null
sev_ra_600, R4, 1cabe51d-ef2c-4007-a93a-2389283ff5cf, 3.1974761, 3.1019473, 0.69825274, 0.012310712, 135.38158935017293, 0.06786153, 0, Primary root, -1, -1, -0.008466667, -57.29577951308232, 0, 0.0, null, null, null, null
sev_ra_600, R3, 3ff1e44a-de7e-419c-ab46-33213821049a, 4.8253274, 4.533925, 1.0207318, 0.017585747, 309.2591630512916, 0.06591273, 0, Primary root, -1, -1, -0.008466667, -57.29577951308232, 0, 0.0, null, null, null, null
sev_ra_600, R2, 4604fceb-83c1-4def-8377-afe560074b81, 0.29009777, 0.19062324, 0.017796459, 1.2861587E-4, 211.52442893444837, 0.025255274, 0, Primary root, -1, -1, -0.008466667, -57.29577951308232, 0, 0.0, null, null, null, null
sev_ra_600, R1, fc76f848-8199-4372-be6d-81f79b31b589, 2.8904448, 2.430332, 0.54300785, 0.008338279, 289.9098108685357, 0.058755323, 0, Primary root, -1, -1, -0.008466667, -57.29577951308232, 0, 0.0, null, null, null, null
