image, root_name, root, length, vector_length, surface, volume, direction, diameter, root_order, root_ontology, parent_name, parent, insertion_position, insertion_angle, n_child, child_density, first_child, insertion_first_child, last_child, insertion_last_child
sev_ra_648, R7, 7475c42d-60e9-4a1a-b07a-2106737d2b0a, 0.41029382, 0.33226553, 0.018341755, 6.7302244E-5, 114.94977512737513, 0.014310732, 0, Primary root, -1, -1, -0.008466667, -57.29577951308232, 0, 0.0, null, null, null, null
sev_ra_648, R6, 4e24829c-4430-4dc2-96e1-0fbc045950d6, 0.095352076, 0.09470001, 0.007487727, 4.7358404E-5, 336.53369301103993, 0.027310811, 0, Primary root, -1, -1, -0.008466667, -57.29577951308232, 0, 0.0, null, null, null, null
sev_ra_648, R5, 7449afc9-6f0e-4f93-a7e8-d4fcae58c27d, 0.5752501, 0.32940325, 0.032387823, 1.5544695E-4, 171.1752776578948, 0.017236765, 0, Primary root, -1, -1, -0.008466667, -57.29577951308232, 0, 0.0, null, null, null, null
sev_ra_648, R4, 34a576b9-859c-4319-a440-9ed39313c033, 0.32399872, 0.31721133, 0.052502345, 7.040431E-4, 245.90093495166263, 0.05244889, 0, Primary root, -1, -1, -0.008466667, -57.29577951308232, 0, 0.0, null, null, null, null
sev_ra_648, R3, 91dfe7c0-0fdb-43fa-be53-4f3a9ae0db6b, 0.24391422, 0.24243884, 0.027229758, 2.4586092E-4, 200.063412488302, 0.034493435, 0, Primary root, -1, -1, -0.008466667, -57.29577951308232, 0, 0.0, null, null, null, null
sev_ra_648, R2, 7ac72432-ccf6-46cd-b6f9-f725bedb4f68, 1.3632247, 0.9102237, 0.23755954, 0.003386981, 204.64783545921455, 0.053897884, 0, Primary root, -1, -1, -0.008466667, -57.29577951308232, 0, 0.0, null, null, null, null
sev_ra_648, R1, 381c95f2-1c46-473b-89c6-bfd9b81cd0ee, 3.6407642, 3.0690427, 0.41763783, 0.0046959026, 257.00542918351266, 0.036732856, 0, Primary root, -1, -1, -0.008466667, -57.29577951308232, 0, 0.0, null, null, null, null
