image, root_name, root, length, vector_length, surface, volume, direction, diameter, root_order, root_ontology, parent_name, parent, insertion_position, insertion_angle, n_child, child_density, first_child, insertion_first_child, last_child, insertion_last_child
sev_ra_574, R8, 41772807-6735-4257-9764-1c3c8267bce5, 2.1874278, 1.8860654, 0.1580044, 0.0010706023, 93.76747337895468, 0.02134674, 0, Primary root, -1, -1, -0.008466667, -57.29577951308232, 0, 0.0, null, null, null, null
sev_ra_574, R7, c749ed75-1c05-4141-8f70-cc9b0bf4f755, 1.6106664, 1.456751, 0.5352075, 0.014262829, 200.65001645497935, 0.104468316, 0, Primary root, -1, -1, -0.008466667, -57.29577951308232, 0, 0.0, null, null, null, null
sev_ra_574, R6, d8844d65-cb03-43fb-858a-8a030c5f127c, 6.020103, 5.51419, 1.9541081, 0.051793434, 148.75699853764718, 0.09919785, 0, Primary root, -1, -1, -0.008466667, -57.29577951308232, 0, 0.0, null, null, null, null
sev_ra_574, R5, dd11e41a-5d51-4ee9-83f3-b1f2f537c7ea, 1.4708672, 1.1357683, 0.3322793, 0.006119954, 144.40256169646727, 0.07033883, 0, Primary root, -1, -1, -0.008466667, -57.29577951308232, 0, 0.0, null, null, null, null
sev_ra_574, R4, dafb26d9-f4c1-4df5-acf0-0c69c1320023, 6.5730968, 6.4571905, 1.6432502, 0.035671413, 328.0420193442866, 0.06179068, 0, Primary root, -1, -1, -0.008466667, -57.29577951308232, 0, 0.0, null, null, null, null
sev_ra_574, R3, c7664882-9552-464e-b09a-b2a63ad56e06, 5.8409376, 5.7672997, 1.575799, 0.034930564, 148.17850883570378, 0.08177459, 0, Primary root, -1, -1, -0.008466667, -57.29577951308232, 0, 0.0, null, null, null, null
sev_ra_574, R2, 0366801f-cac4-42d6-8fb1-2257bd09c631, 0.2005028, 0.19965918, 0.031256888, 3.919466E-4, 123.62007190130268, 0.046723925, 0, Primary root, -1, -1, -0.008466667, -57.29577951308232, 0, 0.0, null, null, null, null
sev_ra_574, R1, cab29df5-8e3e-4c45-b641-76d9fbc7968f, 5.851285, 5.711814, 1.5485083, 0.032973133, 321.5523287647773, 0.082795866, 0, Primary root, -1, -1, -0.008466667, -57.29577951308232, 0, 0.0, null, null, null, null
