image, root_name, root, length, vector_length, surface, volume, direction, diameter, root_order, root_ontology, parent_name, parent, insertion_position, insertion_angle, n_child, child_density, first_child, insertion_first_child, last_child, insertion_last_child
sev_ra_581, R6, 2fc58327-33c6-4f2f-98ce-7c43e194c5bb, 0.48518738, 0.36604708, 0.0327973, 1.9792095E-4, 278.05022556356244, 0.021413796, 0, Primary root, -1, -1, -0.008466667, -57.29577951308232, 0, 0.0, null, null, null, null
sev_ra_581, R5, df6b69db-e6eb-48bf-8d3c-b7fa88dd8b76, 1.6854806, 1.6100241, 0.2714314, 0.0036482085, 308.60840994792943, 0.04794787, 0, Primary root, -1, -1, -0.008466667, -57.29577951308232, 0, 0.0, null, null, null, null
sev_ra_581, R4, 130c9a1c-af3e-4469-9185-eacb5dd7c3e9, 2.268848, 2.090243, 0.50598156, 0.00917649, 276.6661013886377, 0.06803012, 0, Primary root, -1, -1, -0.008466667, -57.29577951308232, 0, 0.0, null, null, null, null
sev_ra_581, R3, 4f19f5ed-4edb-4f9e-a042-e411e43ed781, 1.396433, 1.2672286, 0.28420687, 0.004668398, 316.5582856889607, 0.06223542, 0, Primary root, -1, -1, -0.008466667, -57.29577951308232, 0, 0.0, null, null, null, null
sev_ra_581, R2, 757d5188-48ae-48e1-b4d1-4cad62d4622f, 1.4502317, 1.3496855, 0.25659356, 0.0036765998, 292.988559618054, 0.05517897, 0, Primary root, -1, -1, -0.008466667, -57.29577951308232, 0, 0.0, null, null, null, null
sev_ra_581, R1, 9741d49d-1696-4895-8f17-ec332c746a39, 1.1256104, 1.0784746, 0.1566034, 0.0017821151, 295.73904947606144, 0.040076658, 0, Primary root, -1, -1, -0.008466667, -57.29577951308232, 0, 0.0, null, null, null, null
